{
  "seq_len_25": {
    "small-117M": 0.7609273400000001,
    "small-117M-k40": 0.8732015200000001,
    "medium-345M": 0.7076492000000001,
    "medium-345M-k40": 0.8272150199999999,
    "large-762M": 0.68952634,
    "large-762M-k40": 0.82047224,
    "xl-1542M": 0.67322776,
    "xl-1542M-k40": 0.79999642,
    "gpt3": 0.6571954639175258
  },
  "seq_len_50": {
    "small-117M": 0.8882399,
    "small-117M-k40": 0.9546124199999999,
    "medium-345M": 0.82468602,
    "medium-345M-k40": 0.9130246999999999,
    "large-762M": 0.792523,
    "large-762M-k40": 0.91048614,
    "xl-1542M": 0.76792892,
    "xl-1542M-k40": 0.88393634,
    "gpt3": 0.7411653608247424
  },
  "seq_len_75": {
    "small-117M": 0.94090288,
    "small-117M-k40": 0.97674496,
    "medium-345M": 0.8880052,
    "medium-345M-k40": 0.94578056,
    "large-762M": 0.85312974,
    "large-762M-k40": 0.94446368,
    "xl-1542M": 0.81930364,
    "xl-1542M-k40": 0.9223607199999999,
    "gpt3": 0.7808296907216494
  },
  "seq_len_100": {
    "small-117M": 0.9647306800000001,
    "small-117M-k40": 0.98644992,
    "medium-345M": 0.92788206,
    "medium-345M-k40": 0.9619939399999999,
    "large-762M": 0.89039216,
    "large-762M-k40": 0.9630796600000001,
    "xl-1542M": 0.85651816,
    "xl-1542M-k40": 0.94285566,
    "gpt3": 0.8153486597938143
  }
}