{
  "seq_len_25": {
    "small-117M": 0.76092742,
    "small-117M-k40": 0.87320156,
    "medium-345M": 0.7076495399999999,
    "medium-345M-k40": 0.8272149599999999,
    "large-762M": 0.6895261599999999,
    "large-762M-k40": 0.8204723199999999,
    "xl-1542M": 0.6732279199999999,
    "xl-1542M-k40": 0.7999962199999999
  },
  "seq_len_50": {
    "small-117M": 0.88824008,
    "small-117M-k40": 0.9546124799999999,
    "medium-345M": 0.8246859999999998,
    "medium-345M-k40": 0.9130246200000001,
    "large-762M": 0.7925229800000001,
    "large-762M-k40": 0.91048606,
    "xl-1542M": 0.7679288,
    "xl-1542M-k40": 0.8839363199999999
  },
  "seq_len_75": {
    "small-117M": 0.9409029200000001,
    "small-117M-k40": 0.9767449599999999,
    "medium-345M": 0.88800536,
    "medium-345M-k40": 0.94578064,
    "large-762M": 0.85312966,
    "large-762M-k40": 0.9444636399999999,
    "xl-1542M": 0.8193036600000001,
    "xl-1542M-k40": 0.9223605199999999
  },
  "seq_len_100": {
    "small-117M": 0.9647306999999999,
    "small-117M-k40": 0.98644988,
    "medium-345M": 0.9278820400000001,
    "medium-345M-k40": 0.96199388,
    "large-762M": 0.89039216,
    "large-762M-k40": 0.9630797400000001,
    "xl-1542M": 0.85651822,
    "xl-1542M-k40": 0.94285568
  }
}