{
  "seq_len_25": {
    "small-117M": 0.5607208260501417,
    "small-117M-k40": 0.7566484731808221,
    "medium-345M": 0.4173336124678371,
    "medium-345M-k40": 0.7128515252049263,
    "large-762M": 0.37407834101382487,
    "large-762M-k40": 0.7120145922334757,
    "xl-1542M": 0.2859208754133281,
    "xl-1542M-k40": 0.6203540894390028,
    "gpt3": 0.07420634920634928
  },
  "seq_len_50": {
    "small-117M": 0.6218395961646652,
    "small-117M-k40": 0.6739070437272158,
    "medium-345M": 0.4743903971039536,
    "medium-345M-k40": 0.6091270031951175,
    "large-762M": 0.36399718327891945,
    "large-762M-k40": 0.6008144645212573,
    "xl-1542M": 0.30313280799538733,
    "xl-1542M-k40": 0.5444693658609027,
    "gpt3": 0.2697397320448056
  },
  "seq_len_75": {
    "small-117M": 0.7137599444605209,
    "small-117M-k40": 0.7224142300868645,
    "medium-345M": 0.5885988290080362,
    "medium-345M-k40": 0.6581843226414321,
    "large-762M": 0.4488379120316309,
    "large-762M-k40": 0.6352914371147111,
    "xl-1542M": 0.3607925509072326,
    "xl-1542M-k40": 0.5848605577689243,
    "gpt3": 0.3302242041372476
  },
  "seq_len_100": {
    "small-117M": 0.8025417284367872,
    "small-117M-k40": 0.7783484262417474,
    "medium-345M": 0.6830063539672452,
    "medium-345M-k40": 0.6526036654969907,
    "large-762M": 0.5258922421849596,
    "large-762M-k40": 0.6655538174398152,
    "xl-1542M": 0.41426307286185765,
    "xl-1542M-k40": 0.615399681629565,
    "gpt3": 0.3439450686641698
  }
}