{
  "seq_len_25": {
    "small-117M": 0.558,
    "small-117M-k40": 0.6886,
    "medium-345M": 0.4036,
    "medium-345M-k40": 0.6587999999999999,
    "large-762M": 0.3556,
    "large-762M-k40": 0.6478,
    "xl-1542M": 0.3098,
    "xl-1542M-k40": 0.609
  },
  "seq_len_50": {
    "small-117M": 0.7268,
    "small-117M-k40": 0.7627999999999999,
    "medium-345M": 0.5788,
    "medium-345M-k40": 0.6890000000000001,
    "large-762M": 0.4736,
    "large-762M-k40": 0.7020000000000001,
    "xl-1542M": 0.41440000000000005,
    "xl-1542M-k40": 0.6462000000000001
  },
  "seq_len_75": {
    "small-117M": 0.8174,
    "small-117M-k40": 0.8136,
    "medium-345M": 0.6838000000000001,
    "medium-345M-k40": 0.7242000000000001,
    "large-762M": 0.5742,
    "large-762M-k40": 0.725,
    "xl-1542M": 0.47520000000000007,
    "xl-1542M-k40": 0.6776
  },
  "seq_len_100": {
    "small-117M": 0.8652000000000001,
    "small-117M-k40": 0.8518,
    "medium-345M": 0.7572000000000001,
    "medium-345M-k40": 0.7534,
    "large-762M": 0.6188,
    "large-762M-k40": 0.7442,
    "xl-1542M": 0.5414,
    "xl-1542M-k40": 0.7008000000000001
  }
}