{
  "seq_len_25": {
    "small-117M": 0.37700000000000006,
    "small-117M-k40": 0.5932000000000001,
    "medium-345M": 0.2942,
    "medium-345M-k40": 0.5104,
    "large-762M": 0.26200000000000007,
    "large-762M-k40": 0.49820000000000003,
    "xl-1542M": 0.24960000000000004,
    "xl-1542M-k40": 0.46560000000000007,
    "gpt3": 0.2708536082474227
  },
  "seq_len_50": {
    "small-117M": 0.602,
    "small-117M-k40": 0.7686000000000001,
    "medium-345M": 0.47840000000000005,
    "medium-345M-k40": 0.6688000000000001,
    "large-762M": 0.4256,
    "large-762M-k40": 0.6664,
    "xl-1542M": 0.3906,
    "xl-1542M-k40": 0.603,
    "gpt3": 0.3852721649484536
  },
  "seq_len_75": {
    "small-117M": 0.72,
    "small-117M-k40": 0.8388,
    "medium-345M": 0.6052,
    "medium-345M-k40": 0.7488,
    "large-762M": 0.5398000000000001,
    "large-762M-k40": 0.7466,
    "xl-1542M": 0.47740000000000005,
    "xl-1542M-k40": 0.6894,
    "gpt3": 0.45198762886597943
  },
  "seq_len_100": {
    "small-117M": 0.7886,
    "small-117M-k40": 0.8748,
    "medium-345M": 0.6962,
    "medium-345M-k40": 0.7934000000000001,
    "large-762M": 0.6182000000000001,
    "large-762M-k40": 0.7984,
    "xl-1542M": 0.5504,
    "xl-1542M-k40": 0.7434000000000001,
    "gpt3": 0.513101030927835
  }
}